SET FOREIGN_KEY_CHECKS = 0;

INSERT INTO virtualwallet.authorities (username, authority) VALUES ('spas', 'ROLE_USER');
INSERT INTO virtualwallet.authorities (username, authority) VALUES ('spas', 'ROLE_ADMIN');
INSERT INTO virtualwallet.authorities (username, authority) VALUES ('nikola', 'ROLE_USER');
INSERT INTO virtualwallet.authorities (username, authority) VALUES ('nikola', 'ROLE_ADMIN');
INSERT INTO virtualwallet.authorities (username, authority) VALUES ('ivan', 'ROLE_USER');
INSERT INTO virtualwallet.authorities (username, authority) VALUES ('maria', 'ROLE_USER');
INSERT INTO virtualwallet.authorities (username, authority) VALUES ('pesho', 'ROLE_USER');
INSERT INTO virtualwallet.authorities (username, authority) VALUES ('tosho', 'ROLE_USER');
INSERT INTO virtualwallet.authorities (username, authority) VALUES ('bart', 'ROLE_USER');
INSERT INTO virtualwallet.authorities (username, authority) VALUES ('marge', 'ROLE_USER');
INSERT INTO virtualwallet.authorities (username, authority) VALUES ('lisa', 'ROLE_USER');
INSERT INTO virtualwallet.authorities (username, authority) VALUES ('maggie', 'ROLE_USER');
INSERT INTO virtualwallet.authorities (username, authority) VALUES ('john', 'ROLE_USER');
INSERT INTO virtualwallet.authorities (username, authority) VALUES ('jane', 'ROLE_USER');
INSERT INTO virtualwallet.authorities (username, authority) VALUES ('smith', 'ROLE_USER');
INSERT INTO virtualwallet.authorities (username, authority) VALUES ('homer', 'ROLE_USER');
INSERT INTO virtualwallet.authorities (username, authority) VALUES ('michael_j', 'ROLE_USER');
INSERT INTO virtualwallet.authorities (username, authority) VALUES ('restTEST', 'ROLE_USER');
INSERT INTO virtualwallet.authorities (username, authority) VALUES ('bender', 'ROLE_USER');
INSERT INTO virtualwallet.card_transactions (id, amount, currency, description, idempotency_key, card_id, receiving_user, receiving_wallet, timestamp, confirmed) VALUES (1, 2420, 'BGN', 'rent', '5e5784f5-46d4-4f60-adf5-b639f5afbf0c', 2, 2, 2, '2020-02-17 17:19:38', 1);
INSERT INTO virtualwallet.card_transactions (id, amount, currency, description, idempotency_key, card_id, receiving_user, receiving_wallet, timestamp, confirmed) VALUES (2, 50000, 'BGN', 'monthly income', 'd57b2cb8-44ab-4bd9-b313-d986391bec58', 2, 2, 2, '2020-02-17 17:20:58', 1);
INSERT INTO virtualwallet.card_transactions (id, amount, currency, description, idempotency_key, card_id, receiving_user, receiving_wallet, timestamp, confirmed) VALUES (3, 100000, 'BGN', 'Deposit in Family wallet', 'b90fb44c-6eee-4e9e-912f-882a3b6b50fd', 12, 15, 16, '2019-09-20 17:28:23', 0);
INSERT INTO virtualwallet.card_transactions (id, amount, currency, description, idempotency_key, card_id, receiving_user, receiving_wallet, timestamp, confirmed) VALUES (4, 100000, 'BGN', 'Deposit in family wallet', '2d4d0cb1-104e-43f0-b66e-56646739c948', 12, 15, 16, '2019-11-18 12:14:55', 1);
INSERT INTO virtualwallet.card_transactions (id, amount, currency, description, idempotency_key, card_id, receiving_user, receiving_wallet, timestamp, confirmed) VALUES (5, 200000, 'BGN', 'To personal wallet', '3cc08efd-1c14-4eba-9550-b5fd5bf4fd9c', 12, 15, 15, '2019-12-07 11:12:29', 1);
INSERT INTO virtualwallet.card_transactions (id, amount, currency, description, idempotency_key, card_id, receiving_user, receiving_wallet, timestamp, confirmed) VALUES (6, 120000, 'BGN', 'Deposit', 'acc6b8da-f543-4bce-b668-06ba2aecac45', 13, 12, 12, '2020-02-17 17:44:35', 1);
INSERT INTO virtualwallet.card_transactions (id, amount, currency, description, idempotency_key, card_id, receiving_user, receiving_wallet, timestamp, confirmed) VALUES (7, 39000, 'BGN', 'Deposit', 'b3df851b-265b-4fa0-aa33-6be77ab57dc3', 8, 8, 8, '2019-10-11 23:44:25', 1);
INSERT INTO virtualwallet.card_transactions (id, amount, currency, description, idempotency_key, card_id, receiving_user, receiving_wallet, timestamp, confirmed) VALUES (8, 45000, 'BGN', 'Deposit', 'e86e8770-fdd5-4482-879a-242df51b0059', 8, 8, 8, '2020-02-17 17:49:45', 0);
INSERT INTO virtualwallet.card_transactions (id, amount, currency, description, idempotency_key, card_id, receiving_user, receiving_wallet, timestamp, confirmed) VALUES (9, 45000, 'BGN', 'Deposit', '7313f908-c45f-4b98-9cdb-3e950ec6aadf', 8, 8, 8, '2020-01-14 16:52:45', 1);
INSERT INTO virtualwallet.card_transactions (id, amount, currency, description, idempotency_key, card_id, receiving_user, receiving_wallet, timestamp, confirmed) VALUES (10, 300000, 'BGN', 'Deposit', '3ad8242a-b412-4c82-a2c5-32ac3e1088cd', 1, 1, 1, '2019-02-17 17:58:57', 0);
INSERT INTO virtualwallet.card_transactions (id, amount, currency, description, idempotency_key, card_id, receiving_user, receiving_wallet, timestamp, confirmed) VALUES (11, 300000, 'BGN', 'Deposit', 'ef92d09f-f480-4b18-8dd0-cac98f18ed71', 1, 1, 1, '2019-02-18 17:59:14', 1);
INSERT INTO virtualwallet.card_transactions (id, amount, currency, description, idempotency_key, card_id, receiving_user, receiving_wallet, timestamp, confirmed) VALUES (12, 3000, 'BGN', 'Deposit in personal wallet', '84aee051-b20c-43c5-9005-b468c65ec077', 14, 15, 15, '2020-02-17 18:35:32', 1);
INSERT INTO virtualwallet.card_transactions (id, amount, currency, description, idempotency_key, card_id, receiving_user, receiving_wallet, timestamp, confirmed) VALUES (13, 22200, 'BGN', 'Deposit in personal wallet', '125596b7-1e6e-46b6-a02e-55d7755321a0', 14, 15, 15, '2020-02-17 18:36:37', 1);
INSERT INTO virtualwallet.card_transactions (id, amount, currency, description, idempotency_key, card_id, receiving_user, receiving_wallet, timestamp, confirmed) VALUES (14, 30000, 'BGN', 'Deposit in family wallet', 'e93bc413-44ec-4570-9a86-599aed3c618d', 14, 15, 16, '2020-02-17 18:37:46', 1);
INSERT INTO virtualwallet.card_transactions (id, amount, currency, description, idempotency_key, card_id, receiving_user, receiving_wallet, timestamp, confirmed) VALUES (15, 10000, 'BGN', 'Deposit in personal wallet', 'aa00fabf-af90-4b87-9da0-59399e71a43a', 12, 15, 15, '2020-02-17 18:38:32', 1);
INSERT INTO virtualwallet.card_transactions (id, amount, currency, description, idempotency_key, card_id, receiving_user, receiving_wallet, timestamp, confirmed) VALUES (16, 5023, 'BGN', 'Deposit in personal wallet', 'bffe0b56-2163-4cff-a1c8-ce0e2533d4c9', 14, 15, 15, '2020-02-17 18:39:19', 1);
INSERT INTO virtualwallet.card_transactions (id, amount, currency, description, idempotency_key, card_id, receiving_user, receiving_wallet, timestamp, confirmed) VALUES (17, 12334, 'BGN', 'Deposit in personal wallet', '406874fd-71db-4757-aeb2-d0c3720c4f86', 12, 15, 15, '2020-02-17 18:39:48', 1);
INSERT INTO virtualwallet.card_transactions (id, amount, currency, description, idempotency_key, card_id, receiving_user, receiving_wallet, timestamp, confirmed) VALUES (18, 28000, 'BGN', 'Deposit in own shared wallet', '250c3e51-1832-44fc-910f-2de8ace131b6', 4, 4, 19, '2020-02-17 19:14:24', 1);
INSERT INTO virtualwallet.card_transactions (id, amount, currency, description, idempotency_key, card_id, receiving_user, receiving_wallet, timestamp, confirmed) VALUES (19, 300000, 'BGN', 'Deposit for beer', '717b2f16-9466-4e29-b439-89a5494958f9', 15, 19, 21, '2020-02-17 19:41:59', 1);
INSERT INTO virtualwallet.cards (card_id, card_number, owner_name, exp_date, cvc, card_owner, is_deleted) VALUES (1, '1111222233334444', 'Spas S', '12/25', '123', 1, 0);
INSERT INTO virtualwallet.cards (card_id, card_number, owner_name, exp_date, cvc, card_owner, is_deleted) VALUES (2, '1111222244443333', 'Nikola K', '12/22', '123', 2, 0);
INSERT INTO virtualwallet.cards (card_id, card_number, owner_name, exp_date, cvc, card_owner, is_deleted) VALUES (3, '8989787856561212', 'Bart Simpson', '09/23', '123', 3, 0);
INSERT INTO virtualwallet.cards (card_id, card_number, owner_name, exp_date, cvc, card_owner, is_deleted) VALUES (4, '7766223344112312', 'Marge Simpson', '01/23', '123', 4, 0);
INSERT INTO virtualwallet.cards (card_id, card_number, owner_name, exp_date, cvc, card_owner, is_deleted) VALUES (5, '9876987654324321', 'Lisa Simpson', '05/24', '123', 5, 0);
INSERT INTO virtualwallet.cards (card_id, card_number, owner_name, exp_date, cvc, card_owner, is_deleted) VALUES (6, '2222555588881111', 'Maggie Simpson', '12/24', '123', 6, 0);
INSERT INTO virtualwallet.cards (card_id, card_number, owner_name, exp_date, cvc, card_owner, is_deleted) VALUES (7, '5645234512316583', 'Ivan Ivanov', '02/23', '123', 7, 0);
INSERT INTO virtualwallet.cards (card_id, card_number, owner_name, exp_date, cvc, card_owner, is_deleted) VALUES (8, '7809231232321454', 'Petar Petrov', '08/24', '123', 8, 0);
INSERT INTO virtualwallet.cards (card_id, card_number, owner_name, exp_date, cvc, card_owner, is_deleted) VALUES (9, '7584123465449971', 'Maria Petrova', '12/24', '123', 9, 0);
INSERT INTO virtualwallet.cards (card_id, card_number, owner_name, exp_date, cvc, card_owner, is_deleted) VALUES (10, '4567289774483459', 'Todor Todorov', '06/25', '123', 10, 0);
INSERT INTO virtualwallet.cards (card_id, card_number, owner_name, exp_date, cvc, card_owner, is_deleted) VALUES (11, '8245789384537896', 'John Johnson', '05/22', '123', 11, 0);
INSERT INTO virtualwallet.cards (card_id, card_number, owner_name, exp_date, cvc, card_owner, is_deleted) VALUES (12, '6254813578952685', 'Homer Simpson', '09/24', '123', 15, 0);
INSERT INTO virtualwallet.cards (card_id, card_number, owner_name, exp_date, cvc, card_owner, is_deleted) VALUES (13, '8426971334674588', 'Jane J', '09/23', '123', 12, 0);
INSERT INTO virtualwallet.cards (card_id, card_number, owner_name, exp_date, cvc, card_owner, is_deleted) VALUES (14, '1245789865325645', 'Homer Simpson', '12/23', '123', 15, 0);
INSERT INTO virtualwallet.cards (card_id, card_number, owner_name, exp_date, cvc, card_owner, is_deleted) VALUES (15, '2536144758698978', 'Bender R', '01/24', '123', 19, 0);
INSERT INTO virtualwallet.transactions (transaction_id, amount, sender, sender_wallet, receiver, timestamp, confirmed, description) VALUES (1, 3.20, 2, 2, 4, '2020-02-17 17:22:16', 1, '');
INSERT INTO virtualwallet.transactions (transaction_id, amount, sender, sender_wallet, receiver, timestamp, confirmed, description) VALUES (2, 22.00, 2, 2, 15, '2020-02-17 17:22:34', 1, '');
INSERT INTO virtualwallet.transactions (transaction_id, amount, sender, sender_wallet, receiver, timestamp, confirmed, description) VALUES (3, 75.00, 15, 15, 3, '2019-12-17 15:30:53', 1, 'To Bart');
INSERT INTO virtualwallet.transactions (transaction_id, amount, sender, sender_wallet, receiver, timestamp, confirmed, description) VALUES (4, 500.00, 15, 15, 4, '2019-11-20 20:31:20', 1, '');
INSERT INTO virtualwallet.transactions (transaction_id, amount, sender, sender_wallet, receiver, timestamp, confirmed, description) VALUES (5, 15.00, 15, 15, 5, '2019-08-04 11:28:02', 1, '');
INSERT INTO virtualwallet.transactions (transaction_id, amount, sender, sender_wallet, receiver, timestamp, confirmed, description) VALUES (6, 600.00, 15, 15, 3, '2019-10-10 14:31:02', 1, '');
INSERT INTO virtualwallet.transactions (transaction_id, amount, sender, sender_wallet, receiver, timestamp, confirmed, description) VALUES (7, 300.00, 15, 15, 4, '2019-05-29 10:34:37', 1, '');
INSERT INTO virtualwallet.transactions (transaction_id, amount, sender, sender_wallet, receiver, timestamp, confirmed, description) VALUES (8, 122.00, 15, 15, 5, '2020-02-11 19:30:06', 1, '');
INSERT INTO virtualwallet.transactions (transaction_id, amount, sender, sender_wallet, receiver, timestamp, confirmed, description) VALUES (9, 350.00, 15, 15, 4, '2020-02-17 17:35:24', 1, '');
INSERT INTO virtualwallet.transactions (transaction_id, amount, sender, sender_wallet, receiver, timestamp, confirmed, description) VALUES (10, 165.00, 15, 16, 11, '2020-01-09 17:36:33', 1, '');
INSERT INTO virtualwallet.transactions (transaction_id, amount, sender, sender_wallet, receiver, timestamp, confirmed, description) VALUES (11, 18.50, 15, 16, 9, '2020-02-17 17:36:57', 1, '');
INSERT INTO virtualwallet.transactions (transaction_id, amount, sender, sender_wallet, receiver, timestamp, confirmed, description) VALUES (12, 155.00, 15, 16, 2, '2020-02-17 17:37:19', 1, '');
INSERT INTO virtualwallet.transactions (transaction_id, amount, sender, sender_wallet, receiver, timestamp, confirmed, description) VALUES (13, 350.00, 12, 12, 4, '2019-12-14 17:44:55', 1, '');
INSERT INTO virtualwallet.transactions (transaction_id, amount, sender, sender_wallet, receiver, timestamp, confirmed, description) VALUES (14, 29.75, 12, 12, 8, '2020-01-23 13:45:50', 1, '');
INSERT INTO virtualwallet.transactions (transaction_id, amount, sender, sender_wallet, receiver, timestamp, confirmed, description) VALUES (15, 143.00, 12, 12, 9, '2020-02-17 17:46:22', 1, '');
INSERT INTO virtualwallet.transactions (transaction_id, amount, sender, sender_wallet, receiver, timestamp, confirmed, description) VALUES (16, 40.00, 8, 8, 15, '2019-11-13 15:32:20', 1, '');
INSERT INTO virtualwallet.transactions (transaction_id, amount, sender, sender_wallet, receiver, timestamp, confirmed, description) VALUES (17, 50.00, 8, 8, 9, '2019-11-17 17:53:39', 1, '');
INSERT INTO virtualwallet.transactions (transaction_id, amount, sender, sender_wallet, receiver, timestamp, confirmed, description) VALUES (18, 48.23, 8, 8, 14, '2019-12-14 14:12:02', 1, '');
INSERT INTO virtualwallet.transactions (transaction_id, amount, sender, sender_wallet, receiver, timestamp, confirmed, description) VALUES (19, 74.00, 8, 8, 1, '2020-01-24 17:54:24', 1, '');
INSERT INTO virtualwallet.transactions (transaction_id, amount, sender, sender_wallet, receiver, timestamp, confirmed, description) VALUES (20, 65.00, 8, 8, 2, '2020-02-17 17:54:52', 1, '');
INSERT INTO virtualwallet.transactions (transaction_id, amount, sender, sender_wallet, receiver, timestamp, confirmed, description) VALUES (21, 340.00, 1, 1, 2, '2019-08-22 20:00:23', 1, '');
INSERT INTO virtualwallet.transactions (transaction_id, amount, sender, sender_wallet, receiver, timestamp, confirmed, description) VALUES (22, 120.00, 1, 1, 10, '2019-09-17 20:00:49', 1, '');
INSERT INTO virtualwallet.transactions (transaction_id, amount, sender, sender_wallet, receiver, timestamp, confirmed, description) VALUES (23, 71.00, 1, 1, 15, '2019-11-23 22:01:11', 1, '');
INSERT INTO virtualwallet.transactions (transaction_id, amount, sender, sender_wallet, receiver, timestamp, confirmed, description) VALUES (24, 22.00, 1, 1, 7, '2019-12-12 13:08:40', 1, '');
INSERT INTO virtualwallet.transactions (transaction_id, amount, sender, sender_wallet, receiver, timestamp, confirmed, description) VALUES (25, 68.00, 1, 1, 14, '2020-01-23 12:14:00', 1, '');
INSERT INTO virtualwallet.transactions (transaction_id, amount, sender, sender_wallet, receiver, timestamp, confirmed, description) VALUES (26, 50.00, 1, 1, 11, '2020-02-17 18:02:27', 1, '');
INSERT INTO virtualwallet.transactions (transaction_id, amount, sender, sender_wallet, receiver, timestamp, confirmed, description) VALUES (27, 59.00, 2, 2, 3, '2020-02-17 18:19:08', 1, '');
INSERT INTO virtualwallet.transactions (transaction_id, amount, sender, sender_wallet, receiver, timestamp, confirmed, description) VALUES (28, 30.00, 4, 19, 5, '2020-02-17 19:16:00', 1, '');
INSERT INTO virtualwallet.transactions (transaction_id, amount, sender, sender_wallet, receiver, timestamp, confirmed, description) VALUES (29, 300.00, 19, 21, 15, '2020-02-17 19:43:54', 1, 'For beer');
INSERT INTO virtualwallet.users (user_id, username, password, enabled, full_name, email, phone, profile_pic_url, blocked) VALUES (1, 'spas', '$2a$10$fyufIxm7/3AM0ITMAQEyR.j5LZIsZrsjmkNr9pE7mvfNMZ9.IQB0u', 1, 'Spas Ormandzhiev', 'spas@users.com', '0881998805', 'http://localhost:8080/images/defaultUserImg.png', 0);
INSERT INTO virtualwallet.users (user_id, username, password, enabled, full_name, email, phone, profile_pic_url, blocked) VALUES (2, 'nikola', '$2a$10$oy5qVKqr.n6vpGeqXsZkbOA7EwDIVp9oyIoWPT1mia7E1xQ0Gz40e', 1, 'Nikola Kostadinov', 'nikola@users.com', '0881998810', 'http://localhost:8080/uploads/gallery/cd690796-5c44-4b72-9ea5-5fd8fff6ec8f.jpg', 0);
INSERT INTO virtualwallet.users (user_id, username, password, enabled, full_name, email, phone, profile_pic_url, blocked) VALUES (3, 'bart', '$2a$10$fyufIxm7/3AM0ITMAQEyR.j5LZIsZrsjmkNr9pE7mvfNMZ9.IQB0u', 1, 'Bart Simpson', 'bart@users.net', '0881998807', 'http://localhost:8080/uploads/gallery/d9a80778-4bd1-4367-a31f-afd1fcd8963e.png', 0);
INSERT INTO virtualwallet.users (user_id, username, password, enabled, full_name, email, phone, profile_pic_url, blocked) VALUES (4, 'marge', '$2a$10$fyufIxm7/3AM0ITMAQEyR.j5LZIsZrsjmkNr9pE7mvfNMZ9.IQB0u', 1, 'Marge Simpson', 'marge@users.net', '0881998809', 'http://localhost:8080/uploads/gallery/1cd17232-ca79-4878-a664-8a438a9edd16.jpg', 0);
INSERT INTO virtualwallet.users (user_id, username, password, enabled, full_name, email, phone, profile_pic_url, blocked) VALUES (5, 'lisa', '$2a$10$fyufIxm7/3AM0ITMAQEyR.j5LZIsZrsjmkNr9pE7mvfNMZ9.IQB0u', 1, 'Lisa Simpson', 'lisa@users.io', '0881998806', 'http://localhost:8080/uploads/gallery/02ea6e72-eb61-4d86-bb23-65e4eec22b6f.png', 0);
INSERT INTO virtualwallet.users (user_id, username, password, enabled, full_name, email, phone, profile_pic_url, blocked) VALUES (6, 'maggie', '$2a$10$fyufIxm7/3AM0ITMAQEyR.j5LZIsZrsjmkNr9pE7mvfNMZ9.IQB0u', 1, 'Maggie Simpson', 'maggie@users.info', '0881998808', 'http://localhost:8080/uploads/gallery/816c27d7-2584-4595-a062-569d20ec48d5.png', 0);
INSERT INTO virtualwallet.users (user_id, username, password, enabled, full_name, email, phone, profile_pic_url, blocked) VALUES (7, 'ivan', '$2a$10$fyufIxm7/3AM0ITMAQEyR.j5LZIsZrsjmkNr9pE7mvfNMZ9.IQB0u', 1, 'Ivan Ivanov', 'ivan@abv.bg', '0881998801', 'http://localhost:8080/uploads/gallery/f745e8df-cfaa-4c53-bda8-c3f0652323b8.png', 0);
INSERT INTO virtualwallet.users (user_id, username, password, enabled, full_name, email, phone, profile_pic_url, blocked) VALUES (8, 'pesho', '$2a$10$fyufIxm7/3AM0ITMAQEyR.j5LZIsZrsjmkNr9pE7mvfNMZ9.IQB0u', 1, 'Petar Petrov', 'pesho@abv.bg', '0881998802', 'http://localhost:8080/uploads/gallery/43fdbdb3-c18c-4c02-87e6-ef789940d9ad.png', 0);
INSERT INTO virtualwallet.users (user_id, username, password, enabled, full_name, email, phone, profile_pic_url, blocked) VALUES (9, 'maria', '$2a$10$fyufIxm7/3AM0ITMAQEyR.j5LZIsZrsjmkNr9pE7mvfNMZ9.IQB0u', 1, 'Maria Mileva', 'maria@abv.bg', '0881998803', 'http://localhost:8080/uploads/gallery/b0a92be6-0ec0-4b29-b2cf-bc92ed0f5554.png', 0);
INSERT INTO virtualwallet.users (user_id, username, password, enabled, full_name, email, phone, profile_pic_url, blocked) VALUES (10, 'tosho', '$2a$10$fyufIxm7/3AM0ITMAQEyR.j5LZIsZrsjmkNr9pE7mvfNMZ9.IQB0u', 1, 'Todor Trifonov', 'todor@abv.bg', '0881998804', 'http://localhost:8080/uploads/gallery/0de2745e-1695-4be1-9b09-7be3ad14f7a8.png', 0);
INSERT INTO virtualwallet.users (user_id, username, password, enabled, full_name, email, phone, profile_pic_url, blocked) VALUES (11, 'john', '$2a$10$fyufIxm7/3AM0ITMAQEyR.j5LZIsZrsjmkNr9pE7mvfNMZ9.IQB0u', 1, 'John Johnson', 'john@gmail.com', '0889333333', 'http://localhost:8080/uploads/gallery/bccb5547-4525-430c-b2b9-fcc8fff626de.png', 0);
INSERT INTO virtualwallet.users (user_id, username, password, enabled, full_name, email, phone, profile_pic_url, blocked) VALUES (12, 'jane', '$2a$10$fyufIxm7/3AM0ITMAQEyR.j5LZIsZrsjmkNr9pE7mvfNMZ9.IQB0u', 1, 'Jane Jackson', 'jane@hotmail.com', '0888123123', 'http://localhost:8080/uploads/gallery/f20d85c2-2d03-47f6-8ebc-32f1dde66054.png', 0);
INSERT INTO virtualwallet.users (user_id, username, password, enabled, full_name, email, phone, profile_pic_url, blocked) VALUES (13, 'smith', '$2a$10$fyufIxm7/3AM0ITMAQEyR.j5LZIsZrsjmkNr9pE7mvfNMZ9.IQB0u', 1, 'Michael Smith', 'michael_s@gmail.com', '0882321321', 'http://localhost:8080/uploads/gallery/a8ee508d-33cb-4557-ba8a-02cfe2cd221a.png', 0);
INSERT INTO virtualwallet.users (user_id, username, password, enabled, full_name, email, phone, profile_pic_url, blocked) VALUES (14, 'michael_j', '$2a$10$fyufIxm7/3AM0ITMAQEyR.j5LZIsZrsjmkNr9pE7mvfNMZ9.IQB0u', 1, 'Michael Jordan', 'm.j@random.com', '0887222222', 'http://localhost:8080/uploads/gallery/2b536bf7-0af6-4296-b8d5-086414d91a36.png', 0);
INSERT INTO virtualwallet.users (user_id, username, password, enabled, full_name, email, phone, profile_pic_url, blocked) VALUES (15, 'homer', '$2a$10$fyufIxm7/3AM0ITMAQEyR.j5LZIsZrsjmkNr9pE7mvfNMZ9.IQB0u', 1, 'Homer Simpson', 'h.simpson@springfield.com', '0888080808', 'http://localhost:8080/uploads/gallery/eb347517-b77b-48cf-9ae2-8d778bc0f84a.png', 0);
INSERT INTO virtualwallet.users (user_id, username, password, enabled, full_name, email, phone, profile_pic_url, blocked) VALUES (17, 'restTEST', '$2a$10$9onVqI8fu9xbk1HSZllF4esbC07EkqlsXU5q3dUZi5ratn2JqHysS', 0, null, 'mail@test1', '0887565479', 'http://localhost:8080/images/defaultUserImg.png', 0);
INSERT INTO virtualwallet.users (user_id, username, password, enabled, full_name, email, phone, profile_pic_url, blocked) VALUES (19, 'bender', '$2a$10$mPZdf0C6A1AvEna5ilAQdOE/Gdwf77m3RHRkKokTgHvSILSiFbO/2', 1, 'Bender Bending Rodriguez', 'bender@futurama.com', '0887987835', 'http://localhost:8080/uploads/gallery/2bad785b-096e-4264-a6c3-7c2382ae293e.jpg', 0);
INSERT INTO virtualwallet.users_wallets (user_wallet_id, user_id, wallet_id, is_default, is_created_by_user, is_deleted) VALUES (1, 1, 1, 1, 1, 0);
INSERT INTO virtualwallet.users_wallets (user_wallet_id, user_id, wallet_id, is_default, is_created_by_user, is_deleted) VALUES (2, 2, 2, 1, 1, 0);
INSERT INTO virtualwallet.users_wallets (user_wallet_id, user_id, wallet_id, is_default, is_created_by_user, is_deleted) VALUES (3, 3, 3, 1, 1, 0);
INSERT INTO virtualwallet.users_wallets (user_wallet_id, user_id, wallet_id, is_default, is_created_by_user, is_deleted) VALUES (4, 4, 4, 1, 1, 0);
INSERT INTO virtualwallet.users_wallets (user_wallet_id, user_id, wallet_id, is_default, is_created_by_user, is_deleted) VALUES (5, 5, 5, 1, 1, 0);
INSERT INTO virtualwallet.users_wallets (user_wallet_id, user_id, wallet_id, is_default, is_created_by_user, is_deleted) VALUES (6, 6, 6, 1, 1, 0);
INSERT INTO virtualwallet.users_wallets (user_wallet_id, user_id, wallet_id, is_default, is_created_by_user, is_deleted) VALUES (7, 7, 7, 1, 1, 0);
INSERT INTO virtualwallet.users_wallets (user_wallet_id, user_id, wallet_id, is_default, is_created_by_user, is_deleted) VALUES (8, 8, 8, 1, 1, 0);
INSERT INTO virtualwallet.users_wallets (user_wallet_id, user_id, wallet_id, is_default, is_created_by_user, is_deleted) VALUES (9, 9, 9, 1, 1, 0);
INSERT INTO virtualwallet.users_wallets (user_wallet_id, user_id, wallet_id, is_default, is_created_by_user, is_deleted) VALUES (10, 10, 10, 1, 1, 0);
INSERT INTO virtualwallet.users_wallets (user_wallet_id, user_id, wallet_id, is_default, is_created_by_user, is_deleted) VALUES (11, 11, 11, 1, 1, 0);
INSERT INTO virtualwallet.users_wallets (user_wallet_id, user_id, wallet_id, is_default, is_created_by_user, is_deleted) VALUES (12, 12, 12, 1, 1, 0);
INSERT INTO virtualwallet.users_wallets (user_wallet_id, user_id, wallet_id, is_default, is_created_by_user, is_deleted) VALUES (13, 13, 13, 1, 1, 0);
INSERT INTO virtualwallet.users_wallets (user_wallet_id, user_id, wallet_id, is_default, is_created_by_user, is_deleted) VALUES (14, 14, 14, 1, 1, 0);
INSERT INTO virtualwallet.users_wallets (user_wallet_id, user_id, wallet_id, is_default, is_created_by_user, is_deleted) VALUES (15, 15, 15, 1, 1, 0);
INSERT INTO virtualwallet.users_wallets (user_wallet_id, user_id, wallet_id, is_default, is_created_by_user, is_deleted) VALUES (16, 15, 16, 0, 1, 0);
INSERT INTO virtualwallet.users_wallets (user_wallet_id, user_id, wallet_id, is_default, is_created_by_user, is_deleted) VALUES (17, 3, 16, 0, 0, 0);
INSERT INTO virtualwallet.users_wallets (user_wallet_id, user_id, wallet_id, is_default, is_created_by_user, is_deleted) VALUES (18, 6, 16, 0, 0, 0);
INSERT INTO virtualwallet.users_wallets (user_wallet_id, user_id, wallet_id, is_default, is_created_by_user, is_deleted) VALUES (19, 5, 16, 0, 0, 0);
INSERT INTO virtualwallet.users_wallets (user_wallet_id, user_id, wallet_id, is_default, is_created_by_user, is_deleted) VALUES (20, 4, 16, 0, 0, 1);
INSERT INTO virtualwallet.users_wallets (user_wallet_id, user_id, wallet_id, is_default, is_created_by_user, is_deleted) VALUES (21, 4, 16, 0, 0, 0);
INSERT INTO virtualwallet.users_wallets (user_wallet_id, user_id, wallet_id, is_default, is_created_by_user, is_deleted) VALUES (22, 7, 16, 0, 0, 1);
INSERT INTO virtualwallet.users_wallets (user_wallet_id, user_id, wallet_id, is_default, is_created_by_user, is_deleted) VALUES (24, 17, 18, 1, 1, 0);
INSERT INTO virtualwallet.users_wallets (user_wallet_id, user_id, wallet_id, is_default, is_created_by_user, is_deleted) VALUES (25, 4, 19, 0, 1, 0);
INSERT INTO virtualwallet.users_wallets (user_wallet_id, user_id, wallet_id, is_default, is_created_by_user, is_deleted) VALUES (26, 15, 19, 0, 0, 0);
INSERT INTO virtualwallet.users_wallets (user_wallet_id, user_id, wallet_id, is_default, is_created_by_user, is_deleted) VALUES (28, 19, 21, 1, 1, 0);
INSERT INTO virtualwallet.users_wallets (user_wallet_id, user_id, wallet_id, is_default, is_created_by_user, is_deleted) VALUES (29, 2, 22, 0, 1, 1);
INSERT INTO virtualwallet.wallets (wallet_id, name, balance, wallet_type) VALUES (1, 'Default Wallet', 2403.00, 1);
INSERT INTO virtualwallet.wallets (wallet_id, name, balance, wallet_type) VALUES (2, 'My Wallet', 1000.00, 1);
INSERT INTO virtualwallet.wallets (wallet_id, name, balance, wallet_type) VALUES (3, 'Wallet', 734.00, 1);
INSERT INTO virtualwallet.wallets (wallet_id, name, balance, wallet_type) VALUES (4, 'Default Wallet', 1503.20, 1);
INSERT INTO virtualwallet.wallets (wallet_id, name, balance, wallet_type) VALUES (5, 'My Wallet', 167.00, 1);
INSERT INTO virtualwallet.wallets (wallet_id, name, balance, wallet_type) VALUES (6, 'Wallet', 0.00, 1);
INSERT INTO virtualwallet.wallets (wallet_id, name, balance, wallet_type) VALUES (7, 'Default Wallet', 22.00, 1);
INSERT INTO virtualwallet.wallets (wallet_id, name, balance, wallet_type) VALUES (8, 'My Wallet', 592.52, 1);
INSERT INTO virtualwallet.wallets (wallet_id, name, balance, wallet_type) VALUES (9, 'Default Wallet', 211.50, 1);
INSERT INTO virtualwallet.wallets (wallet_id, name, balance, wallet_type) VALUES (10, 'Wallet', 120.00, 1);
INSERT INTO virtualwallet.wallets (wallet_id, name, balance, wallet_type) VALUES (11, 'Wallet for Beer', 215.00, 1);
INSERT INTO virtualwallet.wallets (wallet_id, name, balance, wallet_type) VALUES (12, 'My Wallet', 677.25, 1);
INSERT INTO virtualwallet.wallets (wallet_id, name, balance, wallet_type) VALUES (13, 'Default Wallet', 0.00, 1);
INSERT INTO virtualwallet.wallets (wallet_id, name, balance, wallet_type) VALUES (14, 'My Wallet', 116.23, 1);
INSERT INTO virtualwallet.wallets (wallet_id, name, balance, wallet_type) VALUES (15, 'Wallet 1', 996.57, 1);
INSERT INTO virtualwallet.wallets (wallet_id, name, balance, wallet_type) VALUES (16, 'Family Wallet', 961.50, 1);
INSERT INTO virtualwallet.wallets (wallet_id, name, balance, wallet_type) VALUES (17, 'Default Wallet', 0.00, 1);
INSERT INTO virtualwallet.wallets (wallet_id, name, balance, wallet_type) VALUES (18, 'Default Wallet', 0.00, 1);
INSERT INTO virtualwallet.wallets (wallet_id, name, balance, wallet_type) VALUES (19, 'Marge''s shared wallet', 250.00, 1);
INSERT INTO virtualwallet.wallets (wallet_id, name, balance, wallet_type) VALUES (20, 'Default Wallet', 0.00, 1);
INSERT INTO virtualwallet.wallets (wallet_id, name, balance, wallet_type) VALUES (21, 'Default Wallet', 2700.00, 1);
INSERT INTO virtualwallet.wallets (wallet_id, name, balance, wallet_type) VALUES (22, 'My Wallet', 0.00, 1);
INSERT INTO virtualwallet.wallets_types (wallet_type_id, wallet_type) VALUES (1, 'Regular');
INSERT INTO virtualwallet.wallets_types (wallet_type_id, wallet_type) VALUES (2, 'Shared');
INSERT INTO virtualwallet.wallets_types (wallet_type_id, wallet_type) VALUES (3, 'Saving');

SET FOREIGN_KEY_CHECKS = 1;