SET FOREIGN_KEY_CHECKS = 0;
INSERT INTO beers.authorities (username, authority) VALUES ('hweber', 'ROLE_USER');
INSERT INTO beers.authorities (username, authority) VALUES ('ivani', 'ROLE_USER');
INSERT INTO beers.authorities (username, authority) VALUES ('jane_j', 'ROLE_USER');
INSERT INTO beers.authorities (username, authority) VALUES ('johnd', 'ROLE_USER');
INSERT INTO beers.authorities (username, authority) VALUES ('mariana_r', 'ROLE_USER');
INSERT INTO beers.authorities (username, authority) VALUES ('maria_iv', 'ROLE_USER');
INSERT INTO beers.authorities (username, authority) VALUES ('nadya', 'ROLE_USER');
INSERT INTO beers.authorities (username, authority) VALUES ('nikola', 'ROLE_ADMIN');
INSERT INTO beers.authorities (username, authority) VALUES ('pesho', 'ROLE_USER');
INSERT INTO beers.authorities (username, authority) VALUES ('praykov', 'ROLE_USER');
INSERT INTO beers.authorities (username, authority) VALUES ('spasorm', 'ROLE_ADMIN');
INSERT INTO beers.authorities (username, authority) VALUES ('todor', 'ROLE_USER');
INSERT INTO beers.authorities (username, authority) VALUES ('u_fischer', 'ROLE_USER');
INSERT INTO beers.authorities (username, authority) VALUES ('vladimir', 'ROLE_USER');
INSERT INTO beers.beers (beer_id, name, description, abv, style_id, brewery_id, country_id, pic_url, is_deleted) VALUES (1, 'Glarus English Ale', '', 4.6, 8, 1, 1, 'http://localhost:8080/uploads/gallery/e2c92ce1-3ba1-457d-ad8b-cdfefefa27b1.jpg', 0);
INSERT INTO beers.beers (beer_id, name, description, abv, style_id, brewery_id, country_id, pic_url, is_deleted) VALUES (2, 'Ailyak', '', 4.7, 2, 5, 1, 'http://localhost:8080/uploads/gallery/76ced761-b31d-4c1f-a206-72336f1f3d71.jpg', 0);
INSERT INTO beers.beers (beer_id, name, description, abv, style_id, brewery_id, country_id, pic_url, is_deleted) VALUES (3, 'Black Sea IPA', '', 6, 6, 1, 1, 'http://localhost:8080/uploads/gallery/dfa5e675-16ec-4c85-a027-26707922c407.jpg', 0);
INSERT INTO beers.beers (beer_id, name, description, abv, style_id, brewery_id, country_id, pic_url, is_deleted) VALUES (4, 'Kamenitza Svetlo', '', 4.3, 10, 3, 1, 'http://localhost:8080/uploads/gallery/938fbfeb-d4ba-4f7c-b7a5-b0c192cec27b.png', 0);
INSERT INTO beers.beers (beer_id, name, description, abv, style_id, brewery_id, country_id, pic_url, is_deleted) VALUES (5, 'Zagorka Special', '', 4.8, 10, 2, 1, 'http://localhost:8080/uploads/gallery/3d978dc9-a3ea-4483-a257-1fceef4225ba.png', 0);
INSERT INTO beers.beers (beer_id, name, description, abv, style_id, brewery_id, country_id, pic_url, is_deleted) VALUES (6, 'Schofferhofer', '', 4.8, 7, 9, 2, 'http://localhost:8080/uploads/gallery/8effd7c5-154e-45fd-bc0c-65f313180202.jpg', 0);
INSERT INTO beers.beers (beer_id, name, description, abv, style_id, brewery_id, country_id, pic_url, is_deleted) VALUES (7, 'Hobgoblin Gold', '', 4.2, 12, 10, 3, 'http://localhost:8080/uploads/gallery/5f7184dd-db90-4313-ad6c-f2a777153b6e.jpg', 0);
INSERT INTO beers.beers (beer_id, name, description, abv, style_id, brewery_id, country_id, pic_url, is_deleted) VALUES (8, 'Ottakringer Helles', '', 5.1, 10, 13, 5, 'http://localhost:8080/uploads/gallery/c6666bd7-c13a-4db7-bbcc-45657c5011f6.jpg', 0);
INSERT INTO beers.beers (beer_id, name, description, abv, style_id, brewery_id, country_id, pic_url, is_deleted) VALUES (9, 'Budweiser Original', '', 5, 12, 1, 11, 'http://localhost:8080/uploads/gallery/d4223df6-022d-4aa0-97b5-c5c70a70389b.jpg', 0);
INSERT INTO beers.beers (beer_id, name, description, abv, style_id, brewery_id, country_id, pic_url, is_deleted) VALUES (10, 'Estrella Damm Inedit', '', 4.8, 13, 12, 8, 'http://localhost:8080/uploads/gallery/1e7caf53-0d5c-45ca-8024-5788aaa5685c.jpg', 0);
INSERT INTO beers.beers_creation_details (beer_creation_id, user_id, beer_id, createdAt) VALUES (1, 1, 1, '2020-01-12 04:10:22');
INSERT INTO beers.beers_creation_details (beer_creation_id, user_id, beer_id, createdAt) VALUES (2, 1, 2, '2020-01-12 04:10:22');
INSERT INTO beers.beers_creation_details (beer_creation_id, user_id, beer_id, createdAt) VALUES (3, 2, 3, '2020-01-12 04:10:22');
INSERT INTO beers.beers_creation_details (beer_creation_id, user_id, beer_id, createdAt) VALUES (4, 2, 4, '2020-01-12 04:10:22');
INSERT INTO beers.beers_creation_details (beer_creation_id, user_id, beer_id, createdAt) VALUES (5, 2, 5, '2020-01-12 04:10:22');
INSERT INTO beers.beers_creation_details (beer_creation_id, user_id, beer_id, createdAt) VALUES (6, 8, 6, '2020-01-12 04:10:22');
INSERT INTO beers.beers_creation_details (beer_creation_id, user_id, beer_id, createdAt) VALUES (7, 7, 7, '2020-01-12 04:10:22');
INSERT INTO beers.beers_creation_details (beer_creation_id, user_id, beer_id, createdAt) VALUES (8, 10, 8, '2020-01-12 04:10:22');
INSERT INTO beers.beers_creation_details (beer_creation_id, user_id, beer_id, createdAt) VALUES (9, 6, 9, '2020-01-12 04:10:22');
INSERT INTO beers.beers_creation_details (beer_creation_id, user_id, beer_id, createdAt) VALUES (10, 9, 10, '2020-01-12 04:10:22');
INSERT INTO beers.beers_tags (beer_tag_id, beer_id, tag_id) VALUES (29, 8, 1);
INSERT INTO beers.beers_tags (beer_tag_id, beer_id, tag_id) VALUES (30, 8, 3);
INSERT INTO beers.beers_tags (beer_tag_id, beer_id, tag_id) VALUES (31, 1, 1);
INSERT INTO beers.beers_tags (beer_tag_id, beer_id, tag_id) VALUES (32, 2, 5);
INSERT INTO beers.beers_tags (beer_tag_id, beer_id, tag_id) VALUES (33, 2, 4);
INSERT INTO beers.beers_tags (beer_tag_id, beer_id, tag_id) VALUES (34, 3, 3);
INSERT INTO beers.beers_tags (beer_tag_id, beer_id, tag_id) VALUES (35, 3, 11);
INSERT INTO beers.beers_tags (beer_tag_id, beer_id, tag_id) VALUES (36, 4, 10);
INSERT INTO beers.beers_tags (beer_tag_id, beer_id, tag_id) VALUES (37, 4, 4);
INSERT INTO beers.beers_tags (beer_tag_id, beer_id, tag_id) VALUES (38, 4, 6);
INSERT INTO beers.beers_tags (beer_tag_id, beer_id, tag_id) VALUES (39, 5, 2);
INSERT INTO beers.beers_tags (beer_tag_id, beer_id, tag_id) VALUES (40, 5, 9);
INSERT INTO beers.beers_tags (beer_tag_id, beer_id, tag_id) VALUES (41, 9, 3);
INSERT INTO beers.beers_tags (beer_tag_id, beer_id, tag_id) VALUES (42, 9, 11);
INSERT INTO beers.beers_tags (beer_tag_id, beer_id, tag_id) VALUES (43, 9, 9);
INSERT INTO beers.beers_tags (beer_tag_id, beer_id, tag_id) VALUES (44, 6, 3);
INSERT INTO beers.beers_tags (beer_tag_id, beer_id, tag_id) VALUES (45, 6, 7);
INSERT INTO beers.beers_tags (beer_tag_id, beer_id, tag_id) VALUES (46, 10, 1);
INSERT INTO beers.beers_tags (beer_tag_id, beer_id, tag_id) VALUES (47, 7, 2);
INSERT INTO beers.breweries (brewery_id, name, country_id, is_deleted) VALUES (1, 'Glarus', 1, 0);
INSERT INTO beers.breweries (brewery_id, name, country_id, is_deleted) VALUES (2, 'Zagorka', 1, 0);
INSERT INTO beers.breweries (brewery_id, name, country_id, is_deleted) VALUES (3, 'Kamenitza', 1, 0);
INSERT INTO beers.breweries (brewery_id, name, country_id, is_deleted) VALUES (4, 'Ah! Brew Works', 1, 0);
INSERT INTO beers.breweries (brewery_id, name, country_id, is_deleted) VALUES (5, 'Ailyak', 1, 0);
INSERT INTO beers.breweries (brewery_id, name, country_id, is_deleted) VALUES (6, 'Hills Brewery', 1, 0);
INSERT INTO beers.breweries (brewery_id, name, country_id, is_deleted) VALUES (7, 'White Stork Beer Company', 1, 0);
INSERT INTO beers.breweries (brewery_id, name, country_id, is_deleted) VALUES (8, 'Rhombus Craft Brewery', 1, 0);
INSERT INTO beers.breweries (brewery_id, name, country_id, is_deleted) VALUES (9, 'Binding-Brauerei', 2, 0);
INSERT INTO beers.breweries (brewery_id, name, country_id, is_deleted) VALUES (10, 'Wychwood Brewery', 3, 0);
INSERT INTO beers.breweries (brewery_id, name, country_id, is_deleted) VALUES (11, 'Budejovicky Budvar', 11, 0);
INSERT INTO beers.breweries (brewery_id, name, country_id, is_deleted) VALUES (12, 'Grupo Damm', 8, 0);
INSERT INTO beers.breweries (brewery_id, name, country_id, is_deleted) VALUES (13, 'Ottakringer Brauerei', 5, 0);
INSERT INTO beers.countries (country_id, name, is_deleted) VALUES (5, 'Austria', 0);
INSERT INTO beers.countries (country_id, name, is_deleted) VALUES (12, 'Beer Country', 0);
INSERT INTO beers.countries (country_id, name, is_deleted) VALUES (4, 'Belgium', 0);
INSERT INTO beers.countries (country_id, name, is_deleted) VALUES (1, 'Bulgaria', 0);
INSERT INTO beers.countries (country_id, name, is_deleted) VALUES (11, 'Czech Republic', 0);
INSERT INTO beers.countries (country_id, name, is_deleted) VALUES (9, 'France', 0);
INSERT INTO beers.countries (country_id, name, is_deleted) VALUES (2, 'Germany', 0);
INSERT INTO beers.countries (country_id, name, is_deleted) VALUES (10, 'Japan', 0);
INSERT INTO beers.countries (country_id, name, is_deleted) VALUES (8, 'Spain', 0);
INSERT INTO beers.countries (country_id, name, is_deleted) VALUES (6, 'Switzerland', 0);
INSERT INTO beers.countries (country_id, name, is_deleted) VALUES (3, 'UK', 0);
INSERT INTO beers.countries (country_id, name, is_deleted) VALUES (7, 'USA', 0);
INSERT INTO beers.statuses (status_id, name, is_deleted) VALUES (2, 'Drank', 0);
INSERT INTO beers.statuses (status_id, name, is_deleted) VALUES (1, 'Wished', 0);
INSERT INTO beers.styles (style_id, name, is_deleted) VALUES (9, 'Ale', 0);
INSERT INTO beers.styles (style_id, name, is_deleted) VALUES (12, 'Golden Ale', 0);
INSERT INTO beers.styles (style_id, name, is_deleted) VALUES (6, 'Indian pale ale', 0);
INSERT INTO beers.styles (style_id, name, is_deleted) VALUES (11, 'IPA - American', 0);
INSERT INTO beers.styles (style_id, name, is_deleted) VALUES (10, 'Lager', 0);
INSERT INTO beers.styles (style_id, name, is_deleted) VALUES (2, 'Pale ale', 0);
INSERT INTO beers.styles (style_id, name, is_deleted) VALUES (1, 'Pilsner', 0);
INSERT INTO beers.styles (style_id, name, is_deleted) VALUES (4, 'Porter', 0);
INSERT INTO beers.styles (style_id, name, is_deleted) VALUES (3, 'Red Ale', 0);
INSERT INTO beers.styles (style_id, name, is_deleted) VALUES (8, 'Special ale', 0);
INSERT INTO beers.styles (style_id, name, is_deleted) VALUES (5, 'Stout', 0);
INSERT INTO beers.styles (style_id, name, is_deleted) VALUES (7, 'Weissbier', 0);
INSERT INTO beers.styles (style_id, name, is_deleted) VALUES (13, 'Witbier', 0);
INSERT INTO beers.tags (tag_id, name, is_deleted) VALUES (10, 'chilly', 0);
INSERT INTO beers.tags (tag_id, name, is_deleted) VALUES (5, 'chocolate', 0);
INSERT INTO beers.tags (tag_id, name, is_deleted) VALUES (1, 'clear', 0);
INSERT INTO beers.tags (tag_id, name, is_deleted) VALUES (4, 'coffee', 0);
INSERT INTO beers.tags (tag_id, name, is_deleted) VALUES (2, 'creamy', 0);
INSERT INTO beers.tags (tag_id, name, is_deleted) VALUES (3, 'fruit', 0);
INSERT INTO beers.tags (tag_id, name, is_deleted) VALUES (11, 'hazy', 0);
INSERT INTO beers.tags (tag_id, name, is_deleted) VALUES (6, 'herbs', 0);
INSERT INTO beers.tags (tag_id, name, is_deleted) VALUES (8, 'homemade', 0);
INSERT INTO beers.tags (tag_id, name, is_deleted) VALUES (9, 'sour', 0);
INSERT INTO beers.tags (tag_id, name, is_deleted) VALUES (7, 'spicy', 0);
INSERT INTO beers.users (user_id, username, password, enabled, first_name, last_name, birth_date, email, profile_pic_url, country_id, is_deleted) VALUES (1, 'spasorm', '$2a$10$zu7Kj3TCn.w7NAHUS.5PN.VCWT3c44ov603XApDw62P9drRHxkgLe', 1, 'Spas', 'Ormandzhiev', '1985-05-16', 'spas@beertag-a3.com', 'http://localhost:8080/uploads/gallery/e2e058f8-c8f9-4f3a-8336-1ce6b89c7eae.png', 1, 0);
INSERT INTO beers.users (user_id, username, password, enabled, first_name, last_name, birth_date, email, profile_pic_url, country_id, is_deleted) VALUES (2, 'nikola', '$2a$10$lq/BmCR2UcQ4SAbbBdIj4e2pcPA72.ANYxMnZgTwC2dt7cP9LS5PG', 1, 'Nikola', 'Kostadinov', '1999-08-30', 'nikola@beertag-a3.com', 'http://localhost:8080/uploads/gallery/6c74f530-afdd-491a-b8e4-099ff39186b3.png', 1, 0);
INSERT INTO beers.users (user_id, username, password, enabled, first_name, last_name, birth_date, email, profile_pic_url, country_id, is_deleted) VALUES (3, 'pesho', '$2a$10$OGJyxUYmC0RwiwZZqzbSOOkjgnl7CHRIUwFrm5UjW3e8MzTDPB1y6', 1, 'Petar', 'Petrov', '1992-02-22', 'pesho@mail.com', 'http://localhost:8080/uploads/gallery/1bec902f-d539-4bd2-ad3f-7a41f6920a7d.png', 1, 0);
INSERT INTO beers.users (user_id, username, password, enabled, first_name, last_name, birth_date, email, profile_pic_url, country_id, is_deleted) VALUES (4, 'johnd', '$2a$10$ZW02sVN8UEegGFdx0.N3KOWsG41qjt1o/i13BF.3OoJ6khzNAPI8S', 1, 'John', 'Doe', '1987-03-03', 'john_doe@mail.com', 'http://localhost:8080/uploads/gallery/4d7e22c9-9423-4bb4-a1e5-0d1feca56fed.png', 7, 0);
INSERT INTO beers.users (user_id, username, password, enabled, first_name, last_name, birth_date, email, profile_pic_url, country_id, is_deleted) VALUES (5, 'ivani', '$2a$10$55.tkzooyrLDmsQPf/UqV.vhT1cWArHi.bQmZujuUh6ZvYVooDaaW', 1, 'Ivan', 'Ivanov', '1992-06-06', 'i_ivanov@mail.com', 'http://localhost:8080/images/defaultUserImg.png', 1, 0);
INSERT INTO beers.users (user_id, username, password, enabled, first_name, last_name, birth_date, email, profile_pic_url, country_id, is_deleted) VALUES (6, 'maria_iv', '$2a$10$FZ6iCaspFc2e5R7qImtsDOq/1X8/g/lcXWL6yXKulu5cbHVSLHBW6', 1, 'Maria', 'Ivanova', '1992-06-06', 'm_ivanova@mail.com', 'http://localhost:8080/uploads/gallery/dd8a26a2-d3c0-476b-ac1e-6bb61fa6a432.png', 1, 0);
INSERT INTO beers.users (user_id, username, password, enabled, first_name, last_name, birth_date, email, profile_pic_url, country_id, is_deleted) VALUES (7, 'hweber', '$2a$10$qo7Uo8dIOSKv7bpdE3tvNOO9sU/4rZdn5/q8ztS4dANW43EUU9v5C', 1, 'Hans', 'Weber', '1987-08-08', 'hansweber@mail.com', 'http://localhost:8080/uploads/gallery/57b1f0a9-1e5f-4367-824f-7db1a6768d59.png', 2, 0);
INSERT INTO beers.users (user_id, username, password, enabled, first_name, last_name, birth_date, email, profile_pic_url, country_id, is_deleted) VALUES (8, 'mariana_r', '$2a$10$eyIqdUL5NL0RcSn2MM3XieJJ2o1whP/BCLkyQ2DsEuaxJlgeKimmG', 1, 'Mariana', 'Rodrigez', '1986-05-04', 'mariana_ro@mail.com', 'http://localhost:8080/uploads/gallery/441d283f-3176-4bc6-8bc2-faf4fa759bdb.png', 8, 0);
INSERT INTO beers.users (user_id, username, password, enabled, first_name, last_name, birth_date, email, profile_pic_url, country_id, is_deleted) VALUES (9, 'u_fischer', '$2a$10$HaE93V4YUh7lXt.841dLQOfcfx6XYfGw2XbJVyQMgjF/FJhA/Xq/m', 1, 'Urs', 'Fischer', '1977-09-28', 'u_fischer@mail.com', 'http://localhost:8080/uploads/gallery/c4bb17eb-f962-4573-b059-9f6ccda25093.png', 6, 0);
INSERT INTO beers.users (user_id, username, password, enabled, first_name, last_name, birth_date, email, profile_pic_url, country_id, is_deleted) VALUES (10, 'jane_j', '$2a$10$CaeNS1hPijvHV2QPwUSstuRCZt6lrMYUvxqPdnAVn5gs5Ij2LrsLm', 1, 'Jane', 'Johnson', '1991-10-27', 'jane_johnson@mail.com', 'http://localhost:8080/uploads/gallery/a4f7e22f-f320-46c8-992c-9db7e8ed4fc8.png', 7, 0);
INSERT INTO beers.users (user_id, username, password, enabled, first_name, last_name, birth_date, email, profile_pic_url, country_id, is_deleted) VALUES (31, 'todor', '$2a$10$lq/BmCR2UcQ4SAbbBdIj4e2pcPA72.ANYxMnZgTwC2dt7cP9LS5PG', 1, 'Todor', 'Andonov', '1996-12-06', 'todor@telerikacademy.com', 'http://localhost:8080/uploads/gallery/b42f1b46-0a67-4a6c-8480-b37311f08ab0.jpg', 12, 0);
INSERT INTO beers.users (user_id, username, password, enabled, first_name, last_name, birth_date, email, profile_pic_url, country_id, is_deleted) VALUES (32, 'nadya', '$2a$10$4T3G5KVUNSX5gzg/Yi1freHMq4dVgq9LsBXoArygjxDpOJJWfW5FG', 1, 'Nadya', 'Atanasova', '1994-12-02', 'nadya@telerikacademy.com', 'http://localhost:8080/uploads/gallery/aff5c451-fcab-449a-b949-3b09245305d9.jpg', 12, 0);
INSERT INTO beers.users (user_id, username, password, enabled, first_name, last_name, birth_date, email, profile_pic_url, country_id, is_deleted) VALUES (33, 'praykov', '$2a$10$AXE.sjusIeeTLfPCmHLek.rjB242zN0ez311PvOb0bcsVrRo6SLBq', 1, 'Petar', 'Raykov', '1992-07-07', 'praykov@telerikacademy.com', 'http://localhost:8080/uploads/gallery/c0032192-c62a-4976-ab83-099932ac0ff1.jpg', 12, 0);
INSERT INTO beers.users (user_id, username, password, enabled, first_name, last_name, birth_date, email, profile_pic_url, country_id, is_deleted) VALUES (34, 'vladimir', '$2a$10$UI8pgFBXSIsVd5DzMYFcUOChNOTXYGFddzIH9AzidMDZJaZigRKfW', 1, 'Vladimir', 'Venkov', '1992-05-05', 'vladimir@telerikacademy.com', 'http://localhost:8080/uploads/gallery/27148b5a-8db9-44e6-92f9-ac8772dd13fc.jpg', 12, 0);
INSERT INTO beers.users_beers_ratings (user_beer_rating_id, user_id, beer_id, rating) VALUES (1, 1, 1, 7);
INSERT INTO beers.users_beers_ratings (user_beer_rating_id, user_id, beer_id, rating) VALUES (2, 1, 2, 8);
INSERT INTO beers.users_beers_ratings (user_beer_rating_id, user_id, beer_id, rating) VALUES (3, 1, 3, 7);
INSERT INTO beers.users_beers_ratings (user_beer_rating_id, user_id, beer_id, rating) VALUES (4, 1, 4, 5);
INSERT INTO beers.users_beers_ratings (user_beer_rating_id, user_id, beer_id, rating) VALUES (5, 1, 5, 7);
INSERT INTO beers.users_beers_ratings (user_beer_rating_id, user_id, beer_id, rating) VALUES (6, 1, 6, 6);
INSERT INTO beers.users_beers_ratings (user_beer_rating_id, user_id, beer_id, rating) VALUES (7, 1, 7, 5);
INSERT INTO beers.users_beers_ratings (user_beer_rating_id, user_id, beer_id, rating) VALUES (8, 1, 8, 4);
INSERT INTO beers.users_beers_ratings (user_beer_rating_id, user_id, beer_id, rating) VALUES (9, 2, 1, 6);
INSERT INTO beers.users_beers_ratings (user_beer_rating_id, user_id, beer_id, rating) VALUES (10, 2, 2, 6);
INSERT INTO beers.users_beers_ratings (user_beer_rating_id, user_id, beer_id, rating) VALUES (11, 2, 3, 8);
INSERT INTO beers.users_beers_ratings (user_beer_rating_id, user_id, beer_id, rating) VALUES (12, 2, 4, 7);
INSERT INTO beers.users_beers_ratings (user_beer_rating_id, user_id, beer_id, rating) VALUES (13, 2, 5, 5);
INSERT INTO beers.users_beers_ratings (user_beer_rating_id, user_id, beer_id, rating) VALUES (14, 2, 6, 4);
INSERT INTO beers.users_beers_ratings (user_beer_rating_id, user_id, beer_id, rating) VALUES (15, 2, 9, 5);
INSERT INTO beers.users_beers_ratings (user_beer_rating_id, user_id, beer_id, rating) VALUES (16, 2, 10, 6);
INSERT INTO beers.users_beers_ratings (user_beer_rating_id, user_id, beer_id, rating) VALUES (17, 3, 1, 7);
INSERT INTO beers.users_beers_ratings (user_beer_rating_id, user_id, beer_id, rating) VALUES (19, 4, 7, 5);
INSERT INTO beers.users_beers_ratings (user_beer_rating_id, user_id, beer_id, rating) VALUES (20, 5, 4, 8);
INSERT INTO beers.users_beers_ratings (user_beer_rating_id, user_id, beer_id, rating) VALUES (21, 5, 5, 2);
INSERT INTO beers.users_beers_ratings (user_beer_rating_id, user_id, beer_id, rating) VALUES (22, 5, 6, 5);
INSERT INTO beers.users_beers_ratings (user_beer_rating_id, user_id, beer_id, rating) VALUES (23, 5, 8, 3);
INSERT INTO beers.users_beers_ratings (user_beer_rating_id, user_id, beer_id, rating) VALUES (24, 6, 1, 8);
INSERT INTO beers.users_beers_ratings (user_beer_rating_id, user_id, beer_id, rating) VALUES (25, 6, 2, 4);
INSERT INTO beers.users_beers_ratings (user_beer_rating_id, user_id, beer_id, rating) VALUES (26, 8, 6, 8);
INSERT INTO beers.users_beers_ratings (user_beer_rating_id, user_id, beer_id, rating) VALUES (27, 8, 9, 7);
INSERT INTO beers.users_beers_ratings (user_beer_rating_id, user_id, beer_id, rating) VALUES (28, 8, 8, 3);
INSERT INTO beers.users_beers_ratings (user_beer_rating_id, user_id, beer_id, rating) VALUES (29, 9, 10, 8);
INSERT INTO beers.users_beers_ratings (user_beer_rating_id, user_id, beer_id, rating) VALUES (30, 10, 8, 10);
INSERT INTO beers.users_beers_ratings (user_beer_rating_id, user_id, beer_id, rating) VALUES (35, 3, 2, 2);
INSERT INTO beers.users_beers_statuses (user_beer_status_id, user_id, beer_id, status_id, is_deleted) VALUES (1, 1, 1, 2, 0);
INSERT INTO beers.users_beers_statuses (user_beer_status_id, user_id, beer_id, status_id, is_deleted) VALUES (2, 1, 2, 2, 0);
INSERT INTO beers.users_beers_statuses (user_beer_status_id, user_id, beer_id, status_id, is_deleted) VALUES (3, 1, 3, 2, 0);
INSERT INTO beers.users_beers_statuses (user_beer_status_id, user_id, beer_id, status_id, is_deleted) VALUES (4, 1, 4, 2, 0);
INSERT INTO beers.users_beers_statuses (user_beer_status_id, user_id, beer_id, status_id, is_deleted) VALUES (5, 1, 5, 2, 0);
INSERT INTO beers.users_beers_statuses (user_beer_status_id, user_id, beer_id, status_id, is_deleted) VALUES (6, 1, 6, 2, 0);
INSERT INTO beers.users_beers_statuses (user_beer_status_id, user_id, beer_id, status_id, is_deleted) VALUES (7, 1, 7, 2, 0);
INSERT INTO beers.users_beers_statuses (user_beer_status_id, user_id, beer_id, status_id, is_deleted) VALUES (8, 1, 8, 2, 0);
INSERT INTO beers.users_beers_statuses (user_beer_status_id, user_id, beer_id, status_id, is_deleted) VALUES (9, 2, 1, 2, 0);
INSERT INTO beers.users_beers_statuses (user_beer_status_id, user_id, beer_id, status_id, is_deleted) VALUES (10, 2, 2, 2, 0);
INSERT INTO beers.users_beers_statuses (user_beer_status_id, user_id, beer_id, status_id, is_deleted) VALUES (11, 2, 3, 2, 0);
INSERT INTO beers.users_beers_statuses (user_beer_status_id, user_id, beer_id, status_id, is_deleted) VALUES (12, 2, 4, 2, 0);
INSERT INTO beers.users_beers_statuses (user_beer_status_id, user_id, beer_id, status_id, is_deleted) VALUES (13, 2, 5, 2, 0);
INSERT INTO beers.users_beers_statuses (user_beer_status_id, user_id, beer_id, status_id, is_deleted) VALUES (14, 2, 6, 2, 0);
INSERT INTO beers.users_beers_statuses (user_beer_status_id, user_id, beer_id, status_id, is_deleted) VALUES (15, 2, 9, 2, 0);
INSERT INTO beers.users_beers_statuses (user_beer_status_id, user_id, beer_id, status_id, is_deleted) VALUES (16, 2, 10, 2, 0);
INSERT INTO beers.users_beers_statuses (user_beer_status_id, user_id, beer_id, status_id, is_deleted) VALUES (17, 2, 7, 1, 0);
INSERT INTO beers.users_beers_statuses (user_beer_status_id, user_id, beer_id, status_id, is_deleted) VALUES (22, 4, 1, 1, 0);
INSERT INTO beers.users_beers_statuses (user_beer_status_id, user_id, beer_id, status_id, is_deleted) VALUES (23, 4, 2, 1, 0);
INSERT INTO beers.users_beers_statuses (user_beer_status_id, user_id, beer_id, status_id, is_deleted) VALUES (24, 4, 3, 1, 0);
INSERT INTO beers.users_beers_statuses (user_beer_status_id, user_id, beer_id, status_id, is_deleted) VALUES (25, 4, 7, 2, 0);
INSERT INTO beers.users_beers_statuses (user_beer_status_id, user_id, beer_id, status_id, is_deleted) VALUES (26, 5, 4, 2, 0);
INSERT INTO beers.users_beers_statuses (user_beer_status_id, user_id, beer_id, status_id, is_deleted) VALUES (27, 5, 5, 2, 0);
INSERT INTO beers.users_beers_statuses (user_beer_status_id, user_id, beer_id, status_id, is_deleted) VALUES (28, 5, 6, 2, 0);
INSERT INTO beers.users_beers_statuses (user_beer_status_id, user_id, beer_id, status_id, is_deleted) VALUES (29, 5, 8, 2, 0);
INSERT INTO beers.users_beers_statuses (user_beer_status_id, user_id, beer_id, status_id, is_deleted) VALUES (30, 6, 1, 2, 0);
INSERT INTO beers.users_beers_statuses (user_beer_status_id, user_id, beer_id, status_id, is_deleted) VALUES (31, 6, 2, 2, 0);
INSERT INTO beers.users_beers_statuses (user_beer_status_id, user_id, beer_id, status_id, is_deleted) VALUES (32, 6, 10, 1, 0);
INSERT INTO beers.users_beers_statuses (user_beer_status_id, user_id, beer_id, status_id, is_deleted) VALUES (33, 7, 2, 1, 0);
INSERT INTO beers.users_beers_statuses (user_beer_status_id, user_id, beer_id, status_id, is_deleted) VALUES (34, 8, 6, 2, 0);
INSERT INTO beers.users_beers_statuses (user_beer_status_id, user_id, beer_id, status_id, is_deleted) VALUES (35, 8, 9, 2, 0);
INSERT INTO beers.users_beers_statuses (user_beer_status_id, user_id, beer_id, status_id, is_deleted) VALUES (36, 8, 8, 2, 0);
INSERT INTO beers.users_beers_statuses (user_beer_status_id, user_id, beer_id, status_id, is_deleted) VALUES (37, 8, 2, 1, 0);
INSERT INTO beers.users_beers_statuses (user_beer_status_id, user_id, beer_id, status_id, is_deleted) VALUES (38, 9, 10, 2, 0);
INSERT INTO beers.users_beers_statuses (user_beer_status_id, user_id, beer_id, status_id, is_deleted) VALUES (39, 9, 1, 1, 0);
INSERT INTO beers.users_beers_statuses (user_beer_status_id, user_id, beer_id, status_id, is_deleted) VALUES (40, 9, 7, 1, 0);
INSERT INTO beers.users_beers_statuses (user_beer_status_id, user_id, beer_id, status_id, is_deleted) VALUES (41, 10, 8, 2, 0);
INSERT INTO beers.users_beers_statuses (user_beer_status_id, user_id, beer_id, status_id, is_deleted) VALUES (59, 10, 1, 1, 0);
INSERT INTO beers.users_beers_statuses (user_beer_status_id, user_id, beer_id, status_id, is_deleted) VALUES (83, 9, 3, 1, 0);
INSERT INTO beers.users_beers_statuses (user_beer_status_id, user_id, beer_id, status_id, is_deleted) VALUES (86, 9, 3, 2, 1);
INSERT INTO beers.users_beers_statuses (user_beer_status_id, user_id, beer_id, status_id, is_deleted) VALUES (90, 3, 2, 2, 0);

SET FOREIGN_KEY_CHECKS = 1;